cfg_dataset,cfg_model,cfg_num_layers,cfg_removal_candidate_sampler,cfg_removal_neighbor_dist,"('inf_mae', 'mean')","('inf_mae', 'std')","('inf_mape', 'mean')","('inf_mape', 'std')","('calced_inf', 'mean')","('calced_inf', 'std')","('actual_inf', 'mean')","('actual_inf', 'std')","('inf_corr', 'mean')","('inf_corr', 'std')"
citeseer_public,GAT,2,group_neighbor,1,0.046132974045176516,0.02666788951483136,85.8581764398956,11.284364016391791,0.007843037231068557,0.006306610023577781,0.05397601127624507,0.03052628780887356,0.6764356263643211,0.0
citeseer_public,GAT,2,group_neighbor,4,0.029377337160112784,0.00829806505952914,84.5471231295029,14.66297713026381,0.006149596509931113,0.005414472156680856,0.0355269336700439,0.01125770264053095,0.7152422603670591,0.0
citeseer_public,GCN,2,group_neighbor,3,0.00793337267823515,0.002082637076943564,86.42222461364736,36.987621463104574,0.0020551689248531797,0.0022878397635563252,0.00998854160308833,0.00301194983543518,0.7233260744585749,0.0
citeseer_public,GCN,2,group_neighbor,4,0.002864654506556672,0.0026274367740286753,94.15927590149433,92.10732284018533,0.00056972153950481,0.002611155502859054,0.0029175639152526577,0.0038899884842673663,0.6053666904490388,0.0
citeseer_public,GCN,2,group_neighbor,5,0.00207333810860289,0.001435031521030484,86.42623275960099,115.18423396578912,0.001010523361619558,0.004622348839616442,0.001423206329345692,0.00551389129229486,0.8925507705659845,0.0
citeseer_public,GCN,2,group_non_neighbor,1,0.005847197277471397,0.0033316010317138846,764.6175693934509,4241.40292198312,-0.001364586846902968,0.0041683017877781545,0.004449803829193089,0.004751655223129395,0.7185332340843533,0.0
citeseer_public,GCN,4,group_neighbor,1,0.008777271588332922,0.006315822135018507,178.0711293958888,365.88268495715226,0.0023034686921164322,0.010865111901674452,0.007108521461486789,0.009592273163584441,0.5522859736640459,0.0
citeseer_public,GCN,4,group_neighbor,2,0.01635975200450039,0.007185806563431782,187.9631278758193,231.47540994564156,-0.004661289041396194,0.004261336149497242,0.011698462963104197,0.0061457488516641475,0.08196918705167136,0.0
citeseer_public,GCN,4,group_neighbor,3,0.0392012999416328,0.01214463983133482,147.93539475566254,46.3048830998785,-0.011625535285565954,0.0069277841358939855,0.02757576465606685,0.008674710194483203,-0.20173786081667233,0.0
citeseer_public,GCN,4,group_neighbor,4,0.01813341538887466,0.010518347388059974,434.6780236343236,994.4768323883435,-0.007015523952431952,0.007413764951566335,0.011007304191589328,0.009559939471742279,0.22321437432310495,0.0
citeseer_public,GCN,4,group_neighbor,5,0.012114401559811045,0.006339622470468913,387.3357530168285,1279.6163247752113,-0.001345789271872478,0.010895305672629313,0.010147964954376192,0.011717194775500732,0.7866769320702651,0.0
citeseer_public,GCN,4,group_non_neighbor,1,0.005771205439232282,0.004960694485389281,180.35538102611784,553.6414747532575,0.008148249681107672,0.009639783894972173,0.00827472209930417,0.00838857303426988,0.6474750166193082,0.0
citeseer_public,GCN,4,group_non_neighbor,2,0.004884797372505976,0.0041063228647166,727.2570978192439,2011.3347920359308,0.002167040571221148,0.006349904047830223,0.0006719970703124957,0.00610472237501322,0.4986481001183354,0.0
cora_public,GAT,2,group_neighbor,1,0.017599628522293645,0.007307314201186677,60.4918333443731,22.940732268953546,0.01339154426823365,0.008567787065368421,0.030991172790527294,0.012526746439493738,0.82425830119194,0.0
cora_public,GAT,2,group_neighbor,3,0.03668310903012753,0.011435550265039214,52.4493559107998,7.021280386187747,0.03330285765230651,0.011232302941619322,0.06998596668243404,0.02056588447093577,0.9055072694901822,0.0
cora_public,GAT,2,group_neighbor,4,0.01812178815715014,0.011102942734000375,51.22668068111349,19.965628557257833,0.01845065628178413,0.012790072315720989,0.036572444438934266,0.019807948946449327,0.8539053151003841,0.0
cora_public,GAT,2,group_neighbor,5,0.012906721714534788,0.005617622026208571,62.3781544792683,27.327547085556752,0.009436391707858958,0.007886386465199029,0.022343113422393746,0.009611182609350432,0.8114531790449486,0.0
cora_public,GCN,2,group_neighbor,3,0.004066924145445232,0.002790497144389658,163.07904460686453,319.49518535203606,-0.009549410594627212,0.0038842209649241274,-0.006716804504394476,0.00485369129275364,0.5879389578818502,0.0
cora_public,GCN,2,group_neighbor,4,0.0026452456600963912,0.0020210911513261955,59.18926867579255,101.67943157560357,-0.008370294170454097,0.004555681896787651,-0.008670730590820264,0.00448424993311413,0.7276462374212403,0.0
cora_public,GCN,2,group_neighbor,5,0.0018167880852706603,0.0013085767864959364,605.0537593286589,3912.983580074185,-0.006322531194891746,0.005103913003471568,-0.007233810424804646,0.005201474765219655,0.9204539321262009,0.0
cora_public,GCN,4,group_neighbor,1,0.010880247512832236,0.010613797526678511,262.12710912372427,475.6138808795628,-0.0027905821427702763,0.008552972215833152,0.007951879501342745,0.012434951545158382,0.5269508340387866,0.0
cora_public,GCN,4,group_neighbor,3,0.006837048265151656,0.006994553251584632,238.18721736700562,367.8274034329158,0.00221721027512101,0.008242474343707316,0.004935843944549534,0.006934376846694233,0.2356933895121788,0.0
cora_public,GCN,4,group_neighbor,4,0.013269341974519164,0.015302441725970293,1283.239900798866,6582.767103737154,-0.001773098721168934,0.011073037296049483,0.010160598754882781,0.012369767926581005,0.025951877137624174,0.0
cora_public,GCN,4,group_neighbor,5,0.009303165427409082,0.009502181595961716,388.3192945443895,1107.1090229574172,-0.002524868375621718,0.008814083773960712,0.006427650451660136,0.011262385377406042,0.5425032987084575,0.0
cornell,GCN,2,group_neighbor,1,0.013335860662627944,0.009796963597829928,410.11558157315795,2118.3531756365114,-0.02102807187242431,0.026259087942613824,-0.02120197772979733,0.027712350211591574,0.8108341739898561,0.0
cornell,GCN,2,group_neighbor,2,0.01928982891142367,0.01542018323780889,213.26457495098012,415.32850893419055,0.008032511100172987,0.0303387278220089,-0.004147167205810546,0.03917107098799106,0.8367170410161298,0.0
cornell,GCN,2,group_neighbor,3,0.021184727028012246,0.014539781540440265,200.7904720962387,397.37176949644834,0.014671632274985294,0.035837084617542724,0.009095075130462638,0.04771068577139026,0.8547670950072983,0.0
cornell,GCN,2,group_neighbor,4,0.021429486591368885,0.016565517278556992,221.15894610509207,578.6811256800976,0.012239138446748243,0.0376065569111715,0.00426069974899291,0.054476309797619006,0.903969722083378,0.0
cornell,GCN,2,group_neighbor,5,0.02191200082190335,0.016704288338247004,94.62641164339148,126.72728022348629,0.011491452166810629,0.04204731107431367,0.001530244350433344,0.056686336838332026,0.9048847411131004,0.0
cornell,GCN,4,group_neighbor,1,0.0487959544640034,0.03408305148569062,288.26215448534555,943.0461789816106,0.002785705355927342,0.038924926498168894,-0.04146759748458858,0.018292186820040128,0.18031949815884254,0.0
cornell,GCN,4,group_neighbor,2,0.04633140522986645,0.031117168755193676,329.97890046673473,540.8982282675566,0.013911891374737015,0.041985392812755234,-0.020974705219268773,0.025251030037821913,0.22808282921011636,0.0
cornell,GCN,4,group_neighbor,3,0.03298529437743126,0.026128007596409764,268.849974207737,444.4721182245063,0.008264906900003543,0.03563439214593348,-0.00867142915725707,0.03067434078492657,0.3250097670523634,0.0
cornell,GCN,4,group_neighbor,4,0.03047660192009058,0.024586899122542385,1772.0089233422127,9666.559072727478,0.0037319243093952557,0.031893207639615444,-0.009152553081512447,0.03696933821015106,0.42449187120381104,0.0
cornell,GCN,4,group_neighbor,5,0.02835263898596165,0.022055379268817156,799.0334607593454,2289.315896874998,-0.0003206420876085701,0.03622024585273084,-0.012623438835144031,0.03809214945376178,0.5836921735535332,0.0
texas,GCN,2,group_neighbor,1,0.021083084121346473,0.015854337690542,66.048749439833,111.99008758557204,0.06577752254903313,0.03032483099602227,0.05853003740310665,0.04267923798081791,0.8073393725092882,0.0
texas,GCN,2,group_neighbor,2,0.03911703870631752,0.030465882798135568,354.47744399904616,1101.9462593630853,0.05669195272959765,0.03810142434572643,0.027873764038085926,0.04680564526151073,0.5608462678242717,0.0
texas,GCN,2,group_neighbor,3,0.029348480496555564,0.023738356800462216,229.15921594738103,771.8872216853919,0.060440609138458924,0.047600964689085395,0.04084271192550656,0.05327044145905791,0.7991969748799542,0.0
texas,GCN,2,group_neighbor,4,0.03209113512188194,0.027763542137514894,136.37520294948663,207.49565008000772,0.05473955683410165,0.044447969402809255,0.03440854787826536,0.05507726133558226,0.7371595527908219,0.0
texas,GCN,2,group_neighbor,5,0.033486809339374285,0.02801234155498852,384.0756284897034,1208.0033862198625,0.05599935689941046,0.049989808138835086,0.03307887077331542,0.05521896268991279,0.7526561709669796,0.0
texas,GCN,4,group_neighbor,1,0.0859622132405638,0.0381409383825894,559.1055733019675,1162.6892481712891,-0.05337617311626668,0.03348039868362945,0.03245858669281003,0.03392675567014759,0.3498990996242736,0.0
texas,GCN,4,group_neighbor,2,0.04745280982926484,0.03675095616142135,367.13060264176295,672.4115357088242,-0.04045132322236892,0.03349991425923704,0.004630973339080809,0.042078713338620795,0.46763837758766946,0.0
texas,GCN,4,group_neighbor,3,0.046630507442168866,0.02888086204437848,482.9640768422466,1514.6104014416424,-0.03866818259935824,0.038852843156977956,0.006839478015899652,0.037285577770183,0.6765209562523951,0.0
texas,GCN,4,group_neighbor,4,0.0519849465321749,0.037680466384492954,516.2163230773629,1028.5640015666527,-0.043910817494615874,0.03687316552999548,0.00782002925872802,0.04222146107732429,0.5445561963167208,0.0
texas,GCN,4,group_neighbor,5,0.0522966534644365,0.034947516105236685,1274.8367146474834,5128.590441223437,-0.04069079114124175,0.03763779911395976,0.010693664550781256,0.04333215828979723,0.6059262815889973,0.0
